id,firstName,lastName,username,email,income
0,Joe,Joe,joe,joe@joe.joe,200.02
1,Bob,Bob,1,bob@bob.bob,5000.33
2,Bob,Bob,2,bob@bob.bob,5000.33
3,Bob,Bob,3,bob@bob.bob,5000.33
4,Bob,Bob,4,bob@bob.bob,5000.33
5,Bob,Bob,5,bob@bob.bob,5000.33
6,Bob,Bob,6,bob@bob.bob,5000.33
7,Bob,Bob,7,bob@bob.bob,5000.33
8,Bob,Bob,8,bob@bob.bob,5000.33
9,Bob,Bob,9,bob@bob.bob,5000.33
10,Bob,Bob,10,bob@bob.bob,5000.33
11,Bob,Bob,11,bob@bob.bob,5000.33
12,Bob,Bob,12,bob@bob.bob,5000.33
13,Bob,Bob,13,bob@bob.bob,5000.33
14,Bob,Bob,14,bob@bob.bob,5000.33
15,Bob,Bob,15,bob@bob.bob,5000.33
16,Bob,Bob,16,bob@bob.bob,5000.33
17,Bob,Bob,17,bob@bob.bob,5000.33
18,Bob,Bob,18,bob@bob.bob,5000.33
19,Bob,Bob,19,bob@bob.bob,5000.33
20,Bob,Bob,20,bob@bob.bob,5000.33
21,Bob,Bob,21,bob@bob.bob,5000.33
22,Bob,Bob,22,bob@bob.bob,5000.33
23,Bob,Bob,23,bob@bob.bob,5000.33
24,Bob,Bob,24,bob@bob.bob,5000.33
25,Bob,Bob,25,bob@bob.bob,5000.33
26,Bob,Bob,26,bob@bob.bob,5000.33
27,Bob,Bob,27,bob@bob.bob,5000.33
28,Bob,Bob,28,bob@bob.bob,5000.33
29,Bob,Bob,29,bob@bob.bob,5000.33
30,Bob,Bob,30,bob@bob.bob,5000.33
31,Bob,Bob,31,bob@bob.bob,5000.33
32,Bob,Bob,32,bob@bob.bob,5000.33
33,Bob,Bob,33,bob@bob.bob,5000.33
34,Bob,Bob,34,bob@bob.bob,5000.33
35,Bob,Bob,35,bob@bob.bob,5000.33
36,Bob,Bob,36,bob@bob.bob,5000.33
37,Bob,Bob,37,bob@bob.bob,5000.33
38,Bob,Bob,38,bob@bob.bob,5000.33
39,Bob,Bob,39,bob@bob.bob,5000.33
40,Bob,Bob,40,bob@bob.bob,5000.33
41,Bob,Bob,41,bob@bob.bob,5000.33
42,Bob,Bob,42,bob@bob.bob,5000.33
43,Bob,Bob,43,bob@bob.bob,5000.33
44,Bob,Bob,44,bob@bob.bob,5000.33
45,Bob,Bob,45,bob@bob.bob,5000.33
46,Bob,Bob,46,bob@bob.bob,5000.33
47,Bob,Bob,47,bob@bob.bob,5000.33
48,Bob,Bob,48,bob@bob.bob,5000.33
49,Bob,Bob,49,bob@bob.bob,5000.33
50,Bob,Bob,50,bob@bob.bob,5000.33
51,Bob,Bob,51,bob@bob.bob,5000.33
52,Bob,Bob,52,bob@bob.bob,5000.33
53,Bob,Bob,53,bob@bob.bob,5000.33
54,Bob,Bob,54,bob@bob.bob,5000.33
55,Bob,Bob,55,bob@bob.bob,5000.33
56,Bob,Bob,56,bob@bob.bob,5000.33
57,Bob,Bob,57,bob@bob.bob,5000.33
58,Bob,Bob,58,bob@bob.bob,5000.33
59,Bob,Bob,59,bob@bob.bob,5000.33
60,Bob,Bob,60,bob@bob.bob,5000.33
61,Bob,Bob,61,bob@bob.bob,5000.33
62,Bob,Bob,62,bob@bob.bob,5000.33
63,Bob,Bob,63,bob@bob.bob,5000.33
64,Bob,Bob,64,bob@bob.bob,5000.33
65,Bob,Bob,65,bob@bob.bob,5000.33
66,Bob,Bob,66,bob@bob.bob,5000.33
67,Bob,Bob,67,bob@bob.bob,5000.33
68,Bob,Bob,68,bob@bob.bob,5000.33
69,Bob,Bob,69,bob@bob.bob,5000.33
70,Bob,Bob,70,bob@bob.bob,5000.33
71,Bob,Bob,71,bob@bob.bob,5000.33
72,Bob,Bob,72,bob@bob.bob,5000.33
73,Bob,Bob,73,bob@bob.bob,5000.33
74,Bob,Bob,74,bob@bob.bob,5000.33
75,Bob,Bob,75,bob@bob.bob,5000.33
76,Bob,Bob,76,bob@bob.bob,5000.33
77,Bob,Bob,77,bob@bob.bob,5000.33
78,Bob,Bob,78,bob@bob.bob,5000.33
79,Bob,Bob,79,bob@bob.bob,5000.33
80,Bob,Bob,80,bob@bob.bob,5000.33
81,Bob,Bob,81,bob@bob.bob,5000.33
82,Bob,Bob,82,bob@bob.bob,5000.33
83,Bob,Bob,83,bob@bob.bob,5000.33
84,Bob,Bob,84,bob@bob.bob,5000.33
85,Bob,Bob,85,bob@bob.bob,5000.33
86,Bob,Bob,86,bob@bob.bob,5000.33
87,Bob,Bob,87,bob@bob.bob,5000.33
88,Bob,Bob,88,bob@bob.bob,5000.33
89,Bob,Bob,89,bob@bob.bob,5000.33
90,Bob,Bob,90,bob@bob.bob,5000.33
91,Bob,Bob,91,bob@bob.bob,5000.33
92,Bob,Bob,92,bob@bob.bob,5000.33
93,Bob,Bob,93,bob@bob.bob,5000.33
94,Bob,Bob,94,bob@bob.bob,5000.33
95,Bob,Bob,95,bob@bob.bob,5000.33
96,Bob,Bob,96,bob@bob.bob,5000.33
97,Bob,Bob,97,bob@bob.bob,5000.33
98,Bob,Bob,98,bob@bob.bob,5000.33
99,Bob,Bob,99,bob@bob.bob,5000.33
100,Bob,Bob,100,bob@bob.bob,5000.33
101,Bob,Bob,101,bob@bob.bob,5000.33
102,Bob,Bob,102,bob@bob.bob,5000.33
103,Bob,Bob,103,bob@bob.bob,5000.33
104,Bob,Bob,104,bob@bob.bob,5000.33
105,Bob,Bob,105,bob@bob.bob,5000.33
106,Bob,Bob,106,bob@bob.bob,5000.33
107,Bob,Bob,107,bob@bob.bob,5000.33
108,Bob,Bob,108,bob@bob.bob,5000.33
109,Bob,Bob,109,bob@bob.bob,5000.33
110,Bob,Bob,110,bob@bob.bob,5000.33
111,Bob,Bob,111,bob@bob.bob,5000.33
112,Bob,Bob,112,bob@bob.bob,5000.33
113,Bob,Bob,113,bob@bob.bob,5000.33
114,Bob,Bob,114,bob@bob.bob,5000.33
115,Bob,Bob,115,bob@bob.bob,5000.33
116,Bob,Bob,116,bob@bob.bob,5000.33
117,Bob,Bob,117,bob@bob.bob,5000.33
118,Bob,Bob,118,bob@bob.bob,5000.33
119,Bob,Bob,119,bob@bob.bob,5000.33
120,Bob,Bob,120,bob@bob.bob,5000.33
121,Bob,Bob,121,bob@bob.bob,5000.33
122,Bob,Bob,122,bob@bob.bob,5000.33
123,Bob,Bob,123,bob@bob.bob,5000.33
124,Bob,Bob,124,bob@bob.bob,5000.33
125,Bob,Bob,125,bob@bob.bob,5000.33
126,Bob,Bob,126,bob@bob.bob,5000.33
127,Bob,Bob,127,bob@bob.bob,5000.33
128,Bob,Bob,128,bob@bob.bob,5000.33
129,Bob,Bob,129,bob@bob.bob,5000.33
130,Bob,Bob,130,bob@bob.bob,5000.33
131,Bob,Bob,131,bob@bob.bob,5000.33
132,Bob,Bob,132,bob@bob.bob,5000.33
133,Bob,Bob,133,bob@bob.bob,5000.33
134,Bob,Bob,134,bob@bob.bob,5000.33
135,Bob,Bob,135,bob@bob.bob,5000.33
136,Bob,Bob,136,bob@bob.bob,5000.33
137,Bob,Bob,137,bob@bob.bob,5000.33
138,Bob,Bob,138,bob@bob.bob,5000.33
139,Bob,Bob,139,bob@bob.bob,5000.33
140,Bob,Bob,140,bob@bob.bob,5000.33
141,Bob,Bob,141,bob@bob.bob,5000.33
142,Bob,Bob,142,bob@bob.bob,5000.33
143,Bob,Bob,143,bob@bob.bob,5000.33
144,Bob,Bob,144,bob@bob.bob,5000.33
145,Bob,Bob,145,bob@bob.bob,5000.33
146,Bob,Bob,146,bob@bob.bob,5000.33
147,Bob,Bob,147,bob@bob.bob,5000.33
148,Bob,Bob,148,bob@bob.bob,5000.33
149,Bob,Bob,149,bob@bob.bob,5000.33
150,Bob,Bob,150,bob@bob.bob,5000.33
151,Bob,Bob,151,bob@bob.bob,5000.33
152,Bob,Bob,152,bob@bob.bob,5000.33
153,Bob,Bob,153,bob@bob.bob,5000.33
154,Bob,Bob,154,bob@bob.bob,5000.33
155,Bob,Bob,155,bob@bob.bob,5000.33
156,Bob,Bob,156,bob@bob.bob,5000.33
157,Bob,Bob,157,bob@bob.bob,5000.33
158,Bob,Bob,158,bob@bob.bob,5000.33
159,Bob,Bob,159,bob@bob.bob,5000.33
160,Bob,Bob,160,bob@bob.bob,5000.33
161,Bob,Bob,161,bob@bob.bob,5000.33
162,Bob,Bob,162,bob@bob.bob,5000.33
163,Bob,Bob,163,bob@bob.bob,5000.33
164,Bob,Bob,164,bob@bob.bob,5000.33
165,Bob,Bob,165,bob@bob.bob,5000.33
166,Bob,Bob,166,bob@bob.bob,5000.33
167,Bob,Bob,167,bob@bob.bob,5000.33
168,Bob,Bob,168,bob@bob.bob,5000.33
169,Bob,Bob,169,bob@bob.bob,5000.33
170,Bob,Bob,170,bob@bob.bob,5000.33
171,Bob,Bob,171,bob@bob.bob,5000.33
172,Bob,Bob,172,bob@bob.bob,5000.33
173,Bob,Bob,173,bob@bob.bob,5000.33
174,Bob,Bob,174,bob@bob.bob,5000.33
175,Bob,Bob,175,bob@bob.bob,5000.33
176,Bob,Bob,176,bob@bob.bob,5000.33
177,Bob,Bob,177,bob@bob.bob,5000.33
178,Bob,Bob,178,bob@bob.bob,5000.33
179,Bob,Bob,179,bob@bob.bob,5000.33
180,Bob,Bob,180,bob@bob.bob,5000.33
181,Bob,Bob,181,bob@bob.bob,5000.33
182,Bob,Bob,182,bob@bob.bob,5000.33
183,Bob,Bob,183,bob@bob.bob,5000.33
184,Bob,Bob,184,bob@bob.bob,5000.33
185,Bob,Bob,185,bob@bob.bob,5000.33
186,Bob,Bob,186,bob@bob.bob,5000.33
187,Bob,Bob,187,bob@bob.bob,5000.33
188,Bob,Bob,188,bob@bob.bob,5000.33
189,Bob,Bob,189,bob@bob.bob,5000.33
190,Bob,Bob,190,bob@bob.bob,5000.33
191,Bob,Bob,191,bob@bob.bob,5000.33
192,Bob,Bob,192,bob@bob.bob,5000.33
193,Bob,Bob,193,bob@bob.bob,5000.33
194,Bob,Bob,194,bob@bob.bob,5000.33
195,Bob,Bob,195,bob@bob.bob,5000.33
196,Bob,Bob,196,bob@bob.bob,5000.33
197,Bob,Bob,197,bob@bob.bob,5000.33
198,Bob,Bob,198,bob@bob.bob,5000.33
199,Bob,Bob,199,bob@bob.bob,5000.33
200,Bob,Bob,200,bob@bob.bob,5000.33
201,Bob,Bob,201,bob@bob.bob,5000.33
202,Bob,Bob,202,bob@bob.bob,5000.33
203,Bob,Bob,203,bob@bob.bob,5000.33
204,Bob,Bob,204,bob@bob.bob,5000.33
205,Bob,Bob,205,bob@bob.bob,5000.33
206,Bob,Bob,206,bob@bob.bob,5000.33
207,Bob,Bob,207,bob@bob.bob,5000.33
208,Bob,Bob,208,bob@bob.bob,5000.33
209,Bob,Bob,209,bob@bob.bob,5000.33
210,Bob,Bob,210,bob@bob.bob,5000.33
211,Bob,Bob,211,bob@bob.bob,5000.33
212,Bob,Bob,212,bob@bob.bob,5000.33
213,Bob,Bob,213,bob@bob.bob,5000.33
214,Bob,Bob,214,bob@bob.bob,5000.33
215,Bob,Bob,215,bob@bob.bob,5000.33
216,Bob,Bob,216,bob@bob.bob,5000.33
217,Bob,Bob,217,bob@bob.bob,5000.33
218,Bob,Bob,218,bob@bob.bob,5000.33
219,Bob,Bob,219,bob@bob.bob,5000.33
220,Bob,Bob,220,bob@bob.bob,5000.33
221,Bob,Bob,221,bob@bob.bob,5000.33
222,Bob,Bob,222,bob@bob.bob,5000.33
223,Bob,Bob,223,bob@bob.bob,5000.33
224,Bob,Bob,224,bob@bob.bob,5000.33
225,Bob,Bob,225,bob@bob.bob,5000.33
226,Bob,Bob,226,bob@bob.bob,5000.33
227,Bob,Bob,227,bob@bob.bob,5000.33
228,Bob,Bob,228,bob@bob.bob,5000.33
229,Bob,Bob,229,bob@bob.bob,5000.33
230,Bob,Bob,230,bob@bob.bob,5000.33
231,Bob,Bob,231,bob@bob.bob,5000.33
232,Bob,Bob,232,bob@bob.bob,5000.33
233,Bob,Bob,233,bob@bob.bob,5000.33
